"","Player","Pos","Ht","Wt","Forty","Vertical","BenchReps","BroadJump","Cone","Shuttle","Year","Pfr_ID","AV","Team","Round","Pick"
"1","Brian Allen-04","C",73,298,5.34,26.5,27,99,7.81,4.71,2018,"AlleBr02",0,"",NA,NA
"2","Will Clapp","C",76,311,5.39,29,25,97,8.04,4.92,2018,"ClapWi00",0,"",NA,NA
"3","Mason Cole","C",76,307,5.23,23.5,23,104,7.77,4.78,2018,"ColeMa02",0,"",NA,NA
"4","James Daniels","C",75,306,NA,30.5,21,108,7.29,4.4,2018,"DaniJa01",0,"",NA,NA
"5","Billy Price","C",76,305,NA,NA,NA,NA,NA,NA,2018,"PricBi01",0,"",NA,NA
"6","Scott Quessenberry","C",76,310,5.09,33.5,25,111,7.5,4.69,2018,"QuesSc00",0,"",NA,NA
"7","Frank Ragnow","C",77,312,NA,NA,26,NA,NA,NA,2018,"RagnFr00",0,"",NA,NA
"8","Coleman Shelton","C",75,292,5.24,26.5,NA,110,7.62,4.59,2018,"ShelCo00",0,"",NA,NA
"9","Sean Welsh","C",75,306,5.43,25,20,103,7.9,4.81,2018,"WelsSe00",0,"",NA,NA
"10","Jaire Alexander","CB",71,192,4.38,35,14,127,6.71,3.98,2018,"AlexJa00",0,"",NA,NA
"11","Anthony Averett","CB",72,185,4.36,31.5,13,119,6.93,4.4,2018,"AverAn00",0,"",NA,NA
"12","Tony Brown","CB",72,198,4.35,31.5,14,126,6.78,4.11,2018,"",0,"",NA,NA
"13","Chris Campbell","CB",73,194,NA,NA,14,NA,NA,NA,2018,"",0,"",NA,NA
"14","Andre Chachere","CB",72,200,4.49,38,13,123,6.78,4.07,2018,"",0,"",NA,NA
"15","Carlton Davis","CB",73,203,4.53,34,16,124,NA,NA,2018,"DaviCa02",0,"",NA,NA
"16","Duke Dawson","CB",70,208,4.46,NA,15,NA,NA,NA,2018,"DawsDu00",0,"",NA,NA
"17","Dee Delaney","CB",73,194,4.46,32.5,13,120,6.95,4.25,2018,"",0,"",NA,NA
"18","Brandon Facyson","CB",74,197,4.53,NA,16,NA,NA,NA,2018,"FacyBr00",0,"",NA,NA
"19","Rashard Fant","CB",70,175,NA,NA,NA,NA,NA,NA,2018,"",0,"",NA,NA
"20","Rashaan Gaulden","CB",73,193,4.61,30,8,119,7.16,4.33,2018,"GaulRa00",0,"",NA,NA
"21","Grant Haley","CB",69,190,4.44,34,15,119,6.51,3.94,2018,"",0,"",NA,NA
"22","Davontae Harris","CB",72,200,4.43,32.5,22,123,6.96,4.4,2018,"",0,"",NA,NA
"23","Holton Hill","CB",75,200,4.49,31,14,120,6.83,4.15,2018,"HillHo00",0,"",NA,NA
"24","Mike Hughes","CB",71,191,4.53,35.5,20,127,6.7,4.13,2018,"HughMi00",0,"",NA,NA
"25","Donte Jackson","CB",71,175,4.32,NA,7,124,NA,NA,2018,"JackDo02",0,"",NA,NA
"26","J.C. Jackson","CB",71,193,4.46,35.5,14,120,NA,NA,2018,"",0,"",NA,NA
"27","Josh Jackson","CB",73,192,4.56,38,18,123,6.86,4.03,2018,"JackJo01",0,"",NA,NA
"28","Danny Johnson","CB",70,185,4.44,35,15,123,NA,NA,2018,"",0,"",NA,NA
"29","Taron Johnson","CB",72,180,4.5,33,17,118,7.03,4.28,2018,"",0,"",NA,NA
"30","Chris Jones-04","CB",72,195,4.57,NA,14,NA,NA,NA,2018,"",0,"",NA,NA
"31","Michael Joseph","CB",73,181,NA,34,17,NA,6.89,4.2,2018,"",0,"",NA,NA
"32","Jamarcus King","CB",73,186,4.7,NA,NA,NA,NA,NA,2018,"",0,"",NA,NA
"33","Avonte Maddox","CB",69,180,4.39,37,13,125,6.51,4,2018,"MaddAv00",0,"",NA,NA
"34","Tarvarus McFadden","CB",74,198,4.67,38.5,NA,121,NA,NA,2018,"McFaTa00",0,"",NA,NA
"35","Kamrin Moore","CB",71,200,NA,NA,NA,NA,NA,NA,2018,"MoorKa01",0,"",NA,NA
"36","Nick Nelson","CB",71,208,4.52,NA,17,123,NA,NA,2018,"NelsNi00",0,"",NA,NA
"37","Parry Nickerson","CB",72,180,4.32,NA,15,NA,NA,NA,2018,"NickPa00",0,"",NA,NA
"38","Isaiah Oliver","CB",73,190,4.5,NA,NA,NA,NA,NA,2018,"OlivIs00",0,"",NA,NA
"39","Darius Phillips","CB",70,190,4.54,NA,NA,NA,NA,NA,2018,"PhilDa02",0,"",NA,NA
"40","D.J. Reed","CB",69,188,4.51,36.5,11,NA,NA,NA,2018,"ReedD.00",0,"",NA,NA
"41","M.J. Stewart","CB",71,200,4.54,35,18,118,6.9,4.28,2018,"StewM.00",0,"",NA,NA
"42","Greg Stroman","CB",72,180,4.48,33.5,16,113,NA,4.45,2018,"StroGr00",0,"",NA,NA
"43","Chandon Sullivan","CB",71,195,4.6,40.5,15,134,NA,4.36,2018,"SullCh00",0,"",NA,NA
"44","Jordan Thomas-01","CB",72,186,4.64,38,4,124,6.28,3.94,2018,"",0,"",NA,NA
"45","Henre Toliver","CB",73,185,4.63,32.5,6,117,7.01,4.15,2018,"",0,"",NA,NA
"46","Kevin Toliver","CB",75,204,NA,33,10,120,NA,NA,2018,"",0,"",NA,NA
"47","Dmontre Wade","CB",72,200,4.57,35.5,15,120,NA,4.4,2018,"",0,"",NA,NA
"48","Levi Wallace","CB",72,183,4.63,33,NA,NA,NA,NA,2018,"WallLe00",0,"",NA,NA
"49","Denzel Ward","CB",70,191,4.32,39,16,136,NA,NA,2018,"WardDe02",0,"",NA,NA
"50","Isaac Yiadom","CB",73,190,4.52,NA,8,120,NA,4.18,2018,"YiadIs00",0,"",NA,NA
"51","Minkah Fitzpatrick","DB",73,201,4.46,33,14,121,NA,NA,2018,"FitzMi00",0,"",NA,NA
"52","Quenton Meeks","DB",74,205,NA,39,11,128,6.72,4.23,2018,"MeekQu00",0,"",NA,NA
"53","Ade Aruna","DE",78,262,4.6,38.5,18,128,7.53,4.48,2018,"ArunAd00",0,"",NA,NA
"54","Andrew Brown","DE",76,296,5.03,28,31,101,7.51,4.48,2018,"BrowAn05",0,"",NA,NA
"55","Bradley Chubb","DE",76,269,4.65,36,24,121,7.37,4.41,2018,"ChubBr00",0,"",NA,NA
"56","Marcus Davenport","DE",78,264,4.58,33.5,22,124,7.2,4.41,2018,"DaveMa00",0,"",NA,NA
"57","Matt Dickerson","DE",76,292,5.06,31,26,NA,NA,NA,2018,"",0,"",NA,NA
"58","Duke Ejiofor","DE",76,264,NA,NA,NA,NA,NA,NA,2018,"EjioDu00",0,"",NA,NA
"59","John Franklin-Myers","DE",76,283,4.75,33,26,113,7.36,4.48,2018,"",0,"",NA,NA
"60","Rasheem Green","DE",77,275,4.73,32.5,NA,118,7.24,4.39,2018,"GreeRa01",0,"",NA,NA
"61","Dashawn Hand","DE",76,297,4.83,31.5,28,111,7.98,4.62,2018,"",0,"",NA,NA
"62","Jalyn Holmes","DE",77,283,4.82,32,25,NA,NA,NA,2018,"HolmJa01",0,"",NA,NA
"63","Sam Hubbard","DE",77,270,NA,35,NA,116,6.84,4.32,2018,"HubbSa00",0,"",NA,NA
"64","James Looney","DE",75,287,4.89,35.5,28,113,7.32,4.37,2018,"",0,"",NA,NA
"65","Olubunmi Rotimi","DE",76,273,NA,32,21,113,7.46,4.7,2018,"",0,"",NA,NA
"66","Kentavius Street","DE",74,280,4.87,NA,28,NA,NA,NA,2018,"StreKe00",0,"",NA,NA
"67","Chad Thomas","DE",78,281,4.92,29,NA,116,NA,NA,2018,"ThomCh06",0,"",NA,NA
"68","Jojo Wicker","DE",75,296,5.16,30,25,105,NA,NA,2018,"WickJo00",0,"",NA,NA
"69","John Atkins","DT",76,321,5.38,24,NA,89,7.95,4.75,2018,"",0,"",NA,NA
"70","Taven Bryan","DT",76,291,4.98,35,30,119,7.12,4.48,2018,"BryaTa00",0,"",NA,NA
"71","Foley Fatukasi","DT",76,318,5.29,30,33,112,7.44,4.53,2018,"",0,"",NA,NA
"72","Joshua Frazier","DT",76,321,NA,NA,21,NA,NA,NA,2018,"",0,"",NA,NA
"73","Zaycoven Henderson","DT",72,298,5.16,29.5,20,105,7.33,4.58,2018,"HendZa00",0,"",NA,NA
"74","B.J. Hill","DT",76,311,4.99,26.5,35,101,7.28,4.53,2018,"HillB.00",0,"",NA,NA
"75","Maurice Hurst","DT",74,292,NA,NA,NA,NA,NA,NA,2018,"",0,"",NA,NA
"76","Justin Jones","DT",74,309,5.09,29,24,104,7.82,4.74,2018,"JoneJu03",0,"",NA,NA
"77","Lowell Lotulelei","DT",74,315,NA,NA,28,NA,NA,NA,2018,"",0,"",NA,NA
"78","R.J. McIntosh","DT",76,286,NA,NA,NA,NA,NA,NA,2018,"",0,"",NA,NA
"79","Kahlil McKenzie","DT",77,314,5.15,29.5,26,105,7.94,4.68,2018,"",0,"",NA,NA
"80","Bilal Nichols","DT",76,306,4.95,NA,29,NA,NA,NA,2018,"",0,"",NA,NA
"81","Derrick Nnadi","DT",73,317,5.38,27,25,96,8.15,5.02,2018,"NnadDe00",0,"",NA,NA
"82","Kendrick Norton","DT",75,314,5.25,NA,30,NA,NA,NA,2018,"NortKe01",0,"",NA,NA
"83","Daron Payne","DT",74,311,4.95,28.5,27,107,7.58,4.71,2018,"",0,"",NA,NA
"84","Harrison Phillips","DT",76,307,5.21,32,42,103,7.28,4.5,2018,"PhilHa00",0,"",NA,NA
"85","Deadrin Senat","DT",72,314,5.16,26,35,100,7.77,4.79,2018,"",0,"",NA,NA
"86","Tim Settle","DT",75,329,5.37,23.5,NA,96,7.95,4.83,2018,"SettTi00",0,"",NA,NA
"87","Nathan Shepherd","DT",77,315,5.09,31,NA,112,7.5,4.53,2018,"",0,"",NA,NA
"88","Breeland Speaks","DT",75,283,4.87,32.5,NA,110,7.63,4.65,2018,"SpeaBr00",0,"",NA,NA
"89","Taylor Stallworth","DT",74,312,5.28,23.5,18,101,7.95,4.75,2018,"",0,"",NA,NA
"90","Trenton Thompson","DT",76,288,5.06,32.5,NA,111,7.68,4.56,2018,"ThomTr01",0,"",NA,NA
"91","Vita Vea","DT",76,347,5.1,NA,41,NA,NA,NA,2018,"VeaxVi00",0,"",NA,NA
"92","Eddy Wilson","DT",76,301,5.37,NA,26,96,NA,NA,2018,"",0,"",NA,NA
"93","Kemoko Turay ","EDGE",77,253,4.65,NA,NA,NA,NA,NA,2018,"TuraKe00",0,"",NA,NA
"94","Ola Adeniyi","EDGE",74,248,4.83,31.5,26,NA,7.21,4.28,2018,"",0,"",NA,NA
"95","Dorance Armstrong","EDGE",76,257,4.87,30,20,118,7.12,4.23,2018,"",0,"",NA,NA
"96","Davin Bellamy","EDGE",77,255,NA,NA,15,NA,NA,NA,2018,"BellDa00",0,"",NA,NA
"97","Lorenzo Carter","EDGE",78,250,4.5,36,NA,130,NA,NA,2018,"CartLo01",0,"",NA,NA
"98","Garret Dooley","EDGE",75,248,4.8,33,21,121,NA,4.28,2018,"DoolGa00",0,"",NA,NA
"99","Kylie Fitts","EDGE",76,263,4.69,32.5,31,117,6.88,4.19,2018,"FittKy01",0,"",NA,NA
"100","Marquis Haynes","EDGE",75,235,4.67,32,23,123,7.14,4.45,2018,"HaynMa01",0,"",NA,NA
"101","James Hearns","EDGE",75,239,4.89,NA,22,NA,NA,NA,2018,"",0,"",NA,NA
"102","Jeff Holland","EDGE",74,249,4.79,NA,NA,116,NA,NA,2018,"HollJe01",0,"",NA,NA
"103","Darius Jackson","EDGE",75,242,4.87,26.5,21,113,7.52,NA,2018,"",0,"",NA,NA
"104","Leon Jacobs","EDGE",75,246,4.48,34.5,26,122,7.14,4.44,2018,"",0,"",NA,NA
"105","Peter Kalambayi","EDGE",75,252,4.57,34,19,121,7.13,4.36,2018,"",0,"",NA,NA
"106","Arden Key","EDGE",78,238,NA,31,NA,117,7.16,4.25,2018,"KeyxAr00",0,"",NA,NA
"107","Harold Landry","EDGE",75,252,4.64,36,24,119,6.88,4.19,2018,"LandHa00",0,"",NA,NA
"108","Tyquan Lewis","EDGE",75,265,NA,35.5,NA,122,NA,NA,2018,"LewiTy00",0,"",NA,NA
"109","Hercules Mata'afa","EDGE",73,254,4.76,31.5,26,108,7.24,4.37,2018,"MataHe00",0,"",NA,NA
"110","Uchenna Nwosu","EDGE",75,251,4.65,32,20,119,NA,NA,2018,"NwosUc00",0,"",NA,NA
"111","Ogbonnia Okoronkwo","EDGE",73,253,4.77,38,27,121,NA,NA,2018,"OkorOg00",0,"",NA,NA
"112","Javon Rolland-Jones","EDGE",74,253,4.88,NA,23,NA,NA,NA,2018,"",0,"",NA,NA
"113","Josh Sweat","EDGE",76,251,4.53,39.5,NA,124,NA,4.28,2018,"SweaJo00",0,"",NA,NA
"114","Anthony Winbush","EDGE",73,249,NA,NA,25,110,NA,NA,2018,"",0,"",NA,NA
"115","Trevon Young","EDGE",76,258,4.78,33,25,114,6.99,4.4,2018,"YounTr00",0,"",NA,NA
"116","Nick Bawden","FB",74,245,NA,NA,NA,NA,NA,NA,2018,"",0,"",NA,NA
"117","Austin Corbett","G",76,306,5.15,28,19,106,7.87,4.5,2018,"CorbAu00",0,"",NA,NA
"118","Jamil Demby","G",76,319,5.58,23.5,17,98,7.86,4.95,2018,"",0,"",NA,NA
"119","Colby Gossett","G",77,311,5.2,25,32,103,7.6,4.83,2018,"",0,"",NA,NA
"120","Taylor Hearn","G",76,320,5.45,24,18,96,7.84,4.8,2018,"HearTa00",0,"",NA,NA
"121","Will Hernandez","G",74,327,5.15,24,37,104,7.59,4.7,2018,"HernWi00",0,"",NA,NA
"122","Sam Jones","G",77,305,5.32,27,28,101,7.92,4.86,2018,"JoneSa00",0,"",NA,NA
"123","K.J. Malone","G",76,303,5.34,29.5,15,103,NA,NA,2018,"",0,"",NA,NA
"124","Kc McDermott","G",78,311,5.35,23.5,26,97,7.72,4.82,2018,"McDeKC00",0,"",NA,NA
"125","Quenton Nelson","G",77,325,NA,26.5,35,105,7.65,4.62,2018,"NelsQu00",0,"",NA,NA
"126","Skyler Phillips","G",75,318,5.1,29,NA,104,7.95,4.69,2018,"",0,"",NA,NA
"127","Braden Smith","G",78,315,5.22,33.5,35,113,NA,4.77,2018,"SmitBr06",0,"",NA,NA
"128","Wyatt Teller","G",76,314,5.24,29,30,114,7.45,4.84,2018,"TellWy00",0,"",NA,NA
"129","Salesi Uhatafe","G",77,310,5.4,28,NA,109,7.7,4.9,2018,"UhatSa00",0,"",NA,NA
"130","Isaiah Wynn","G",75,313,NA,NA,NA,NA,NA,NA,2018,"WynnIs00",0,"",NA,NA
"131","Genard Avery","ILB",73,248,4.59,36,26,124,6.9,4.36,2018,"",0,"",NA,NA
"132","Keishawn Bierria","ILB",74,230,4.79,30.5,21,117,7.26,NA,2018,"BierKe00",0,"",NA,NA
"133","Jason Cabinda","ILB",73,239,NA,NA,19,NA,NA,NA,2018,"CabiJa00",0,"",NA,NA
"134","Jack Cichy","ILB",74,238,NA,NA,18,NA,NA,NA,2018,"CichJa00",0,"",NA,NA
"135","Leighton Vander esch","ILB",76,256,4.65,39.5,20,124,6.88,4.15,2018,"VandLe00",0,"",NA,NA
"136","Shaun dion Hamilton","ILB",72,228,NA,NA,20,NA,NA,NA,2018,"",0,"",NA,NA
"137","Josey Jewell","ILB",73,234,4.82,33,18,117,6.8,4.27,2018,"JeweJo00",0,"",NA,NA
"138","Micah Kiser","ILB",74,238,4.66,35.5,NA,121,7.05,4.24,2018,"KiseMi00",0,"",NA,NA
"139","Mike McCray","ILB",76,243,4.76,31.5,16,119,7.09,4.25,2018,"McCrMi01",0,"",NA,NA
"140","Christian Sam","ILB",74,244,4.75,32,28,114,7.03,4.25,2018,"SamxCh00",0,"",NA,NA
"141","Tegray Scales","ILB",72,230,4.77,NA,27,NA,NA,NA,2018,"ScalTe00",0,"",NA,NA
"142","Andre Smith-02","ILB",72,237,4.63,NA,19,NA,NA,NA,2018,"",0,"",NA,NA
"143","Azeem Victor","ILB",73,240,4.72,32.5,19,115,7.2,4.4,2018,"",0,"",NA,NA
"144","Chris Worley","ILB",74,238,4.86,29.5,15,NA,NA,NA,2018,"WorlCh00",0,"",NA,NA
"145","Kenny Young","ILB",73,236,4.6,36,23,117,7.38,4.48,2018,"",0,"",NA,NA
"146","Mike Badgley","K",70,183,4.94,NA,NA,111,NA,NA,2018,"",0,"",NA,NA
"147","Drew Brown","K",70,208,NA,NA,NA,NA,NA,NA,2018,"",0,"",NA,NA
"148","Daniel Carlson","K",77,213,NA,NA,NA,NA,NA,NA,2018,"",0,"",NA,NA
"149","Eddy Pineiro","K",72,185,NA,NA,NA,NA,NA,NA,2018,"",0,"",NA,NA
"150","Tremaine Edmunds","LB",77,253,4.54,NA,19,117,NA,NA,2018,"EdmuTr01",0,"",NA,NA
"151","Rashaan Evans","LB",75,232,NA,30,NA,116,6.95,4.36,2018,"EvanRa01",0,"",NA,NA
"152","Joel Iyiegbuniwe","LB",73,229,4.6,35,19,117,7.06,4.28,2018,"",0,"",NA,NA
"153","Tanner Carew","LS",73,243,5,30,18,111,7.26,4.28,2018,"",0,"",NA,NA
"154","Cole Madison","OL",77,308,5.33,28.5,26,97,7.86,4.88,2018,"",0,"",NA,NA
"155","Martinas Rankin","OL",76,308,NA,NA,24,NA,NA,NA,2018,"RankMa00",0,"",NA,NA
"156","Jerome Baker","OLB",73,229,4.53,36.5,22,126,NA,NA,2018,"BakeJe00",0,"",NA,NA
"157","Oren Burks","OLB",75,233,4.59,39.5,18,131,6.82,4.15,2018,"BurkOr00",0,"",NA,NA
"158","Chris Covington","OLB",74,245,4.78,NA,23,NA,NA,NA,2018,"",0,"",NA,NA
"159","Nick Deluca","OLB",75,251,4.85,29.5,18,112,7.09,4.23,2018,"",0,"",NA,NA
"160","Shaquem Griffin","OLB",73,227,4.38,NA,20,117,NA,NA,2018,"GrifSh01",0,"",NA,NA
"161","Malik Jefferson","OLB",75,236,4.52,36,27,125,NA,NA,2018,"JeffMa00",0,"",NA,NA
"162","Darius Leonard","OLB",74,234,4.7,NA,17,NA,NA,NA,2018,"",0,"",NA,NA
"163","Skai Moore","OLB",74,226,4.73,36,NA,117,NA,NA,2018,"MoorSk00",0,"",NA,NA
"164","Dorian O'daniel","OLB",73,223,4.61,32,21,119,6.64,4.07,2018,"ODanDo00",0,"",NA,NA
"165","Jacob Pugh","OLB",76,246,4.65,38.5,NA,122,NA,NA,2018,"",0,"",NA,NA
"166","Roquan Smith","OLB",73,236,4.51,NA,NA,NA,NA,NA,2018,"SmitRo07",0,"",NA,NA
"167","Matthew Thomas","OLB",75,232,4.58,41.5,NA,131,6.85,4.28,2018,"ThomMa00",0,"",NA,NA
"168","Fred Warner","OLB",75,236,4.64,38.5,21,119,6.9,4.28,2018,"WarnFr00",0,"",NA,NA
"169","David Bright","OT",77,307,NA,NA,NA,NA,NA,NA,2018,"BrigDa00",0,"",NA,NA
"170","Orlando Brown","OT",80,345,5.85,19.5,14,82,7.87,5.38,2018,"BrowOr00",0,"",NA,NA
"171","Alex Cappa","OT",78,305,5.39,26.5,24,97,8.04,4.84,2018,"",0,"",NA,NA
"172","Geron Christian","OT",77,298,5.33,NA,19,NA,NA,NA,2018,"ChriGe01",0,"",NA,NA
"173","Tyrell Crosby","OT",77,309,5.23,30,17,105,7.89,4.77,2018,"CrosTy00",0,"",NA,NA
"174","Nick Gates","OT",77,307,5.46,24,20,94,7.61,4.68,2018,"GateNi00",0,"",NA,NA
"175","Desmond Harrison","OT",78,292,4.9,NA,NA,NA,NA,NA,2018,"",0,"",NA,NA
"176","Jamarco Jones","OT",76,299,5.5,24,NA,102,8.32,4.99,2018,"JoneJa08",0,"",NA,NA
"177","Jaryd Jones-Smith","OT",78,317,5.22,27,16,109,8.1,4.94,2018,"",0,"",NA,NA
"178","Rick Leonard","OT",79,311,NA,NA,19,NA,NA,NA,2018,"",0,"",NA,NA
"179","Mike McGlinchey","OT",80,309,NA,28.5,24,105,NA,NA,2018,"McGlMi00",0,"",NA,NA
"180","Kolton Miller","OT",81,309,4.95,31.5,24,121,7.34,4.49,2018,"MillKo00",0,"",NA,NA
"181","Joseph Noteboom","OT",77,309,4.96,24,27,102,7.65,4.44,2018,"NoteJo00",0,"",NA,NA
"182","Brian O'neill","OT",79,297,4.82,29.5,22,107,7.14,4.5,2018,"ONeiBr00",0,"",NA,NA
"183","Chukwuma Okorafor","OT",78,320,5.31,23.5,19,102,7.87,4.8,2018,"OkorCh00",0,"",NA,NA
"184","Brandon Parker","OT",80,305,5.4,28.5,NA,113,7.82,4.68,2018,"",0,"",NA,NA
"185","Timon Parris","OT",78,312,NA,NA,27,NA,NA,NA,2018,"",0,"",NA,NA
"186","Will Richardson","OT",78,306,5.26,31.5,NA,108,7.8,4.83,2018,"RichWi01",0,"",NA,NA
"187","Greg Senat","OT",78,302,5.38,26,19,106,7.41,4.71,2018,"",0,"",NA,NA
"188","Rod Taylor","OT",75,320,5.24,30.5,NA,99,NA,NA,2018,"",0,"",NA,NA
"189","Brett Toth","OT",78,291,NA,NA,NA,NA,NA,NA,2018,"",0,"",NA,NA
"190","Toby Weathersby","OT",76,317,5.34,24.5,28,106,8.55,5.38,2018,"WeatTo00",0,"",NA,NA
"191","Connor Williams","OT",77,296,5.05,34,26,112,7.83,4.63,2018,"WillCo00",0,"",NA,NA
"192","Trevor Daniel","P",73,230,4.98,32.5,23,119,NA,NA,2018,"",0,"",NA,NA
"193","Joseph Davidson","P",79,232,NA,NA,NA,NA,NA,NA,2018,"",0,"",NA,NA
"194","Michael Dickson","P",74,208,NA,NA,NA,NA,NA,NA,2018,"",0,"",NA,NA
"195","Jk Scott","P",78,208,4.83,30.5,NA,114,7.28,4.41,2018,"",0,"",NA,NA
"196","Johnny Townsend","P",73,210,NA,NA,NA,NA,NA,NA,2018,"",0,"",NA,NA
"197","Shane Tripucka","P",75,211,NA,NA,NA,NA,NA,NA,2018,"",0,"",NA,NA
"198","Ryan Winslow","P",77,217,NA,NA,NA,NA,NA,NA,2018,"",0,"",NA,NA
"199","Austin Allen","QB",72,210,4.81,29.5,NA,112,7.18,4.48,2018,"",0,"",NA,NA
"200","Josh Allen","QB",77,237,4.75,33.5,NA,119,6.9,4.4,2018,"AlleJo02",0,"",NA,NA
"201","J.T. Barrett","QB",73,224,4.7,30,NA,108,7.38,4.44,2018,"BarrJ.00",0,"",NA,NA
"202","Kurt Benkert","QB",75,218,4.95,31,16,112,7.15,4.33,2018,"BenkKu00",0,"",NA,NA
"203","Sam Darnold","QB",75,221,4.85,26.5,NA,105,6.96,4.4,2018,"DarnSa00",0,"",NA,NA
"204","Danny Etling","QB",74,222,4.76,30.5,NA,114,7.09,4.37,2018,"",0,"",NA,NA
"205","Luke Falk","QB",76,215,NA,26.5,NA,103,NA,NA,2018,"FalkLu00",0,"",NA,NA
"206","Riley Ferguson","QB",75,212,4.98,29,NA,110,6.96,4.4,2018,"FergRi00",0,"",NA,NA
"207","Quinton Flowers","QB",70,214,4.63,NA,NA,112,6.81,4.57,2018,"",0,"",NA,NA
"208","Lamar Jackson","QB",74,216,NA,NA,NA,NA,NA,NA,2018,"JackLa00",0,"",NA,NA
"209","Kyle Lauletta","QB",75,222,4.81,31,NA,113,6.95,4.07,2018,"",0,"",NA,NA
"210","Tanner Lee","QB",76,218,4.98,32,NA,115,7,4.41,2018,"",0,"",NA,NA
"211","Chase Litton","QB",77,230,4.9,29.5,NA,106,7.49,4.53,2018,"LittCh00",0,"",NA,NA
"212","Baker Mayfield","QB",73,215,4.84,29,NA,111,7,4.28,2018,"MayfBa00",0,"",NA,NA
"213","Josh Rosen","QB",76,226,4.92,31,NA,111,7.09,4.28,2018,"RoseJo01",0,"",NA,NA
"214","Mason Rudolph","QB",77,235,4.9,26,NA,NA,NA,NA,2018,"RudoMa00",0,"",NA,NA
"215","Nic Shimonek","QB",75,220,4.88,28.5,NA,101,7.28,4.32,2018,"",0,"",NA,NA
"216","Mike White","QB",77,224,5.09,27,NA,96,7.4,4.4,2018,"",0,"",NA,NA
"217","Logan Woodside","QB",73,213,4.79,31.5,NA,103,6.94,4.15,2018,"WoodLo00",0,"",NA,NA
"218","Josh Adams","RB",74,213,NA,NA,18,NA,NA,NA,2018,"AdamJo03",0,"",NA,NA
"219","Kalen Ballage","RB",73,228,4.46,33.5,15,122,6.91,4.35,2018,"BallKa00",0,"",NA,NA
"220","Saquon Barkley","RB",72,233,4.4,41,29,NA,NA,4.24,2018,"BarkSa00",0,"",NA,NA
"221","Nick Chubb","RB",71,227,4.52,38.5,29,128,7.09,4.25,2018,"ChubNi00",0,"",NA,NA
"222","Lavon Coleman","RB",71,215,4.65,33,23,120,NA,NA,2018,"",0,"",NA,NA
"223","Justin Crawford","RB",71,199,4.64,33.5,11,122,NA,NA,2018,"",0,"",NA,NA
"224","Chase Edmonds","RB",69,205,4.55,34,19,122,6.79,4.07,2018,"",0,"",NA,NA
"225","Donnie Ernsberger","RB",75,241,4.78,31,15,114,7.09,4.34,2018,"",0,"",NA,NA
"226","Dimitri Flowers","RB",74,248,4.83,30.5,17,109,7.45,4.53,2018,"FlowDi00",0,"",NA,NA
"227","Jarvion Franklin","RB",71,239,4.63,30,18,109,6.93,4.31,2018,"FranJa02",0,"",NA,NA
"228","Royce Freeman","RB",71,229,4.54,34,17,118,6.9,4.16,2018,"FreeRo00",0,"",NA,NA
"229","Derrius Guice","RB",70,224,4.49,31.5,15,NA,NA,NA,2018,"GuicDe00",0,"",NA,NA
"230","Kyle Hicks","RB",70,204,4.63,36.5,13,122,NA,NA,2018,"",0,"",NA,NA
"231","Nyheim Hines","RB",68,198,4.38,35.5,NA,119,7.18,4.35,2018,"HineNy00",0,"",NA,NA
"232","Justin Jackson","RB",72,199,4.52,38.5,13,122,6.81,4.07,2018,"JackJu01",0,"",NA,NA
"233","Kerryon Johnson","RB",71,213,NA,40,11,126,7.07,4.29,2018,"JohnKe06",0,"",NA,NA
"234","Ronald Jones","RB",71,205,4.65,36.5,NA,NA,NA,NA,2018,"",0,"",NA,NA
"235","John Kelly","RB",70,216,NA,35,15,120,7.13,4.51,2018,"KellJo00",0,"",NA,NA
"236","Sony Michel","RB",71,214,4.54,NA,22,NA,NA,4.21,2018,"MichSo00",0,"",NA,NA
"237","Ryan Nall","RB",74,232,4.58,33,15,122,6.95,4.16,2018,"",0,"",NA,NA
"238","Rashaad Penny","RB",71,220,4.46,32.5,13,120,NA,NA,2018,"PennRa00",0,"",NA,NA
"239","Kamryn Pettway","RB",72,233,4.74,33.5,22,116,NA,NA,2018,"",0,"",NA,NA
"240","Demario Richard","RB",69,218,4.7,29.5,12,115,NA,NA,2018,"",0,"",NA,NA
"241","Bo Scarbrough","RB",73,228,4.52,40,14,129,NA,4.34,2018,"ScarBo01",0,"",NA,NA
"242","Roc Thomas","RB",70,198,4.56,35.5,16,125,NA,NA,2018,"",0,"",NA,NA
"243","Akrum Wadley","RB",70,194,4.54,32,12,NA,NA,NA,2018,"WadlAk00",0,"",NA,NA
"244","Mark Walton","RB",70,202,4.6,31.5,18,118,NA,NA,2018,"WaltMa00",0,"",NA,NA
"245","Chris Warren","RB",74,247,4.69,33,25,121,6.98,4.18,2018,"",0,"",NA,NA
"246","Jordan Wilkins","RB",73,216,NA,36,16,117,NA,4.27,2018,"WilkJo01",0,"",NA,NA
"247","Darrel Williams","RB",72,225,4.72,32,22,109,NA,4.21,2018,"WillDa10",0,"",NA,NA
"248","Jeff Wilson","RB",71,210,NA,NA,15,NA,NA,NA,2018,"",0,"",NA,NA
"249","Marcus Allen","S",74,202,NA,37,15,127,NA,4.32,2018,"",0,"",NA,NA
"250","Troy Apke","S",74,198,4.34,41,16,131,6.56,4.03,2018,"",0,"",NA,NA
"251","Jessie Bates","S",74,195,4.5,35.5,NA,117,6.78,4.26,2018,"",0,"",NA,NA
"252","Quin Blanding","S",74,215,4.63,31.5,NA,122,NA,NA,2018,"BlanQu00",0,"",NA,NA
"253","Sean Chandler","S",72,190,4.65,34.5,16,119,NA,4.62,2018,"ChanSe00",0,"",NA,NA
"254","Dane Cruikshank","S",73,206,4.41,38.5,25,121,6.89,4.24,2018,"CruiDa00",0,"",NA,NA
"255","Terrell Edmunds","S",74,220,4.47,41.5,NA,134,NA,NA,2018,"",0,"",NA,NA
"256","Deshon Elliott","S",74,205,4.58,36,15,121,NA,NA,2018,"ElliDe02",0,"",NA,NA
"257","Tre Flowers","S",75,200,4.45,34.5,18,122,NA,NA,2018,"FlowTr01",0,"",NA,NA
"258","Marcell Harris","S",72,208,NA,NA,16,NA,NA,NA,2018,"",0,"",NA,NA
"259","Ronnie Harrison","S",75,214,NA,34,NA,120,NA,NA,2018,"HarrRo02",0,"",NA,NA
"260","Godwin Igwebuike","S",72,205,4.44,35.5,19,128,6.56,4.12,2018,"IgweGo00",0,"",NA,NA
"261","Natrell Jamerson","S",72,198,4.4,35.5,25,120,NA,NA,2018,"JameNa00",0,"",NA,NA
"262","Derwin James","S",75,215,4.47,40,21,132,NA,NA,2018,"JameDe00",0,"",NA,NA
"263","Joshua Kalu","S",73,195,4.58,41.5,17,134,NA,NA,2018,"",0,"",NA,NA
"264","Kameron Kelly","S",74,200,4.66,33,9,120,6.94,4.28,2018,"KellKa00",0,"",NA,NA
"265","Siran Neal","S",72,199,4.56,40.5,17,122,7,4.28,2018,"",0,"",NA,NA
"266","Max Redfield","S",73,205,4.69,NA,15,NA,NA,NA,2018,"",0,"",NA,NA
"267","Justin Reid","S",73,204,4.4,36.5,16,128,6.65,4.15,2018,"ReidJu00",0,"",NA,NA
"268","Stephen Roberts","S",71,189,4.53,34,NA,121,NA,NA,2018,"",0,"",NA,NA
"269","Dominick Sanders","S",72,193,NA,NA,14,NA,NA,NA,2018,"",0,"",NA,NA
"270","Van Smith","S",71,185,4.61,29.5,NA,NA,NA,NA,2018,"SmitVa00",0,"",NA,NA
"271","Trey Walker","S",74,200,4.51,33,14,119,7,4.28,2018,"",0,"",NA,NA
"272","Armani Watts","S",71,205,NA,35,13,120,7.25,4.37,2018,"WattAr00",0,"",NA,NA
"273","Damon Webb","S",71,195,4.62,NA,17,NA,NA,NA,2018,"WebbDa01",0,"",NA,NA
"274","Kyzir White","S",74,216,NA,35.5,21,113,NA,NA,2018,"",0,"",NA,NA
"275","Jordan Whitehead","S",71,195,NA,NA,21,NA,NA,NA,2018,"WhitJo03",0,"",NA,NA
"276","Jordan Akins","TE",75,249,NA,NA,NA,NA,NA,NA,2018,"AkinJo00",0,"",NA,NA
"277","Mark Andrews","TE",77,256,4.67,31,17,113,7.34,4.38,2018,"AndrMa00",0,"",NA,NA
"278","Marcus Baugh","TE",75,247,4.81,33,NA,117,7.28,4.51,2018,"BaugMa01",0,"",NA,NA
"279","Tyler Conklin","TE",75,254,4.8,38,18,120,7.13,4.23,2018,"",0,"",NA,NA
"280","Will Dissly","TE",76,262,4.87,28,15,111,7.07,4.4,2018,"",0,"",NA,NA
"281","Troy Fumagalli","TE",77,247,NA,NA,14,NA,NA,NA,2018,"FumaTr00",0,"",NA,NA
"282","Mike Gesicki","TE",77,247,4.54,41.5,22,129,6.76,4.1,2018,"GesiMi00",0,"",NA,NA
"283","Dallas Goedert","TE",77,256,NA,NA,23,NA,NA,NA,2018,"",0,"",NA,NA
"284","Chris Herndon","TE",76,253,NA,NA,21,NA,NA,NA,2018,"",0,"",NA,NA
"285","Hayden Hurst","TE",76,250,4.67,31.5,NA,120,7.19,4.37,2018,"HursHa00",0,"",NA,NA
"286","Ryan Izzo","TE",77,256,4.94,33,18,110,7.15,4.43,2018,"IzzoRy00",0,"",NA,NA
"287","Jaylen Samuels","TE",71,225,4.54,34.5,18,121,6.93,4.28,2018,"SamuJa00",0,"",NA,NA
"288","Dalton Schultz","TE",77,244,4.75,32,15,120,7,4.4,2018,"",0,"",NA,NA
"289","Durham Smythe","TE",77,253,4.81,31,18,110,7.17,4.23,2018,"SmytDu00",0,"",NA,NA
"290","Ian Thomas","TE",76,259,4.74,36,NA,123,7.15,4.2,2018,"ThomIa00",0,"",NA,NA
"291","Jordan Thomas-02","TE",77,265,4.74,27,16,111,7.5,4.75,2018,"",0,"",NA,NA
"292","David Wells","TE",78,256,4.75,33,20,116,7.5,4.59,2018,"",0,"",NA,NA
"293","Dante Pettis ","WR",72,186,NA,NA,NA,NA,NA,NA,2018,"PettDa00",0,"",NA,NA
"294","Marcell Ateman","WR",76,216,4.62,34,13,121,7.07,4.25,2018,"AtemMa00",0,"",NA,NA
"295","Braxton Berrios","WR",69,184,NA,NA,11,NA,NA,NA,2018,"BerrBr00",0,"",NA,NA
"296","Equanimeous St. brown","WR",77,214,4.48,NA,20,NA,NA,NA,2018,"St.BEq00",0,"",NA,NA
"297","Deontay Burnett","WR",72,186,NA,NA,NA,NA,NA,NA,2018,"BurnDe00",0,"",NA,NA
"298","Deon Cain","WR",74,202,4.43,33.5,11,115,6.71,4.37,2018,"CainDe00",0,"",NA,NA
"299","Antonio Callaway","WR",71,200,4.41,34,NA,121,NA,NA,2018,"CallAn00",0,"",NA,NA
"300","Dylan Cantrell","WR",75,226,4.59,38.5,18,130,6.56,4.03,2018,"CantDy00",0,"",NA,NA
"301","D.J. Chark","WR",75,199,4.34,40,16,129,NA,NA,2018,"",0,"",NA,NA
"302","Simmie Cobbs","WR",75,220,4.64,30,11,113,6.7,4.32,2018,"CobbSi00",0,"",NA,NA
"303","Keke Coutee","WR",70,181,4.43,34.5,14,113,6.93,4.15,2018,"CoutKe00",0,"",NA,NA
"304","Robert Foster","WR",74,196,4.41,31,NA,116,6.9,4.2,2018,"",0,"",NA,NA
"305","Michael Gallup","WR",73,205,4.51,36,10,122,6.95,4.37,2018,"GallMi00",0,"",NA,NA
"306","Davon Grayson","WR",73,199,4.51,34.5,19,124,NA,NA,2018,"",0,"",NA,NA
"307","Daesean Hamilton","WR",73,203,NA,34.5,NA,118,6.84,4.15,2018,"HamiDa01",0,"",NA,NA
"308","Quadree Henderson","WR",68,192,4.5,32.5,12,120,6.89,4.28,2018,"HendQu00",0,"",NA,NA
"309","Darren Carrington II","WR",74,199,NA,36,NA,120,NA,NA,2018,"",0,"",NA,NA
"310","Richie James","WR",70,183,4.48,35.5,6,122,6.87,4.16,2018,"",0,"",NA,NA
"311","Christian Kirk","WR",70,201,4.47,35.5,20,115,7.09,4.45,2018,"KirkCh01",0,"",NA,NA
"312","Chris Lacy","WR",75,205,4.51,33.5,11,120,NA,NA,2018,"",0,"",NA,NA
"313","Jordan Lasley","WR",73,203,4.5,34.5,8,112,NA,4.19,2018,"LaslJo00",0,"",NA,NA
"314","Allen Lazard","WR",77,227,4.55,38,17,122,NA,NA,2018,"LazaAl00",0,"",NA,NA
"315","Tavares Martin","WR",73,177,4.8,31.5,NA,NA,NA,NA,2018,"",0,"",NA,NA
"316","Ray-ray McCloud","WR",69,190,4.53,34.5,13,113,NA,NA,2018,"",0,"",NA,NA
"317","Anthony Miller","WR",71,201,NA,NA,22,NA,NA,NA,2018,"MillAn02",0,"",NA,NA
"318","Steven Mitchell","WR",70,189,4.56,32.5,13,121,6.75,4.4,2018,"",0,"",NA,NA
"319","D.J. Moore-02","WR",72,210,4.42,39.5,15,132,6.95,4.07,2018,"MoorD.00",0,"",NA,NA
"320","Jmon Moore","WR",75,207,4.6,38,21,120,6.56,4.04,2018,"",0,"",NA,NA
"321","Cam Phillips","WR",72,201,NA,NA,NA,NA,NA,NA,2018,"PhilCa01",0,"",NA,NA
"322","Byron Pringle","WR",73,203,4.46,33.5,15,120,6.87,4.4,2018,"PrinBy00",0,"",NA,NA
"323","Trey Quinn","WR",71,203,4.55,33.5,17,116,6.91,4.19,2018,"QuinTr00",0,"",NA,NA
"324","Calvin Ridley","WR",72,189,4.43,31,15,110,6.88,4.41,2018,"RidlCa00",0,"",NA,NA
"325","Korey Robertson","WR",73,212,4.56,34,13,123,NA,NA,2018,"RobeKo00",0,"",NA,NA
"326","Jaleel Scott","WR",77,218,4.56,34.5,16,124,7.2,4.4,2018,"",0,"",NA,NA
"327","Trequan Smith","WR",74,203,4.49,37.5,12,130,6.97,4.5,2018,"",0,"",NA,NA
"328","Courtland Sutton","WR",75,218,4.54,35.5,18,124,6.57,4.11,2018,"SuttCo00",0,"",NA,NA
"329","Auden Tate","WR",77,228,4.68,31,NA,112,NA,NA,2018,"TateAu00",0,"",NA,NA
"330","Marquez Valdes-Scantling","WR",76,206,4.37,30.5,15,124,NA,NA,2018,"",0,"",NA,NA
"331","James Washington","WR",71,213,4.54,34.5,14,120,7.11,4.32,2018,"WashJa00",0,"",NA,NA
"332","Jester Weah","WR",74,211,4.43,38,15,129,7.24,4.41,2018,"WeahJe00",0,"",NA,NA
"333","Karaun White","WR",73,206,4.52,33.5,24,118,7.16,4.57,2018,"",0,"",NA,NA
"334","Jake Wieneke","WR",76,221,4.67,34,9,114,7.24,4.37,2018,"",0,"",NA,NA
"335","Cedrick Wilson-02","WR",74,197,4.55,37,9,121,6.89,4.23,2018,"WilsCe01",0,"",NA,NA
"336","Javon Wims","WR",75,215,4.53,33.5,NA,113,7,NA,2018,"WimsJa00",0,"",NA,NA
